<?xml version="1.0" encoding="UTF-8"?>
<project-private xmlns="http://www.netbeans.org/ns/project-private/1">
    <editor-bookmarks xmlns="http://www.netbeans.org/ns/editor-bookmarks/2" lastBookmarkId="0"/>
    <open-files xmlns="http://www.netbeans.org/ns/projectui-open-files/2">
        <group>
            <file>file:/C:/Users/Aruna/Documents/NetBeansProjects/RJM_1/src/Interceptor.java</file>
            <file>file:/C:/Users/Aruna/Documents/NetBeansProjects/RJM_1/src/login_1.java</file>
            <file>file:/C:/Users/Aruna/Documents/NetBeansProjects/RJM_1/src/himalayan.java</file>
            <file>file:/C:/Users/Aruna/Documents/NetBeansProjects/RJM_1/src/service.java</file>
            <file>file:/C:/Users/Aruna/Documents/NetBeansProjects/RJM_1/src/booking.java</file>
            <file>file:/C:/Users/Aruna/Documents/NetBeansProjects/RJM_1/src/classic.java</file>
            <file>file:/C:/Users/Aruna/Documents/NetBeansProjects/RJM_1/src/Standard350.java</file>
            <file>file:/C:/Users/Aruna/Documents/NetBeansProjects/RJM_1/src/spares.java</file>
            <file>file:/C:/Users/Aruna/Documents/NetBeansProjects/RJM_1/src/models.java</file>
            <file>file:/C:/Users/Aruna/Documents/NetBeansProjects/RJM_1/src/meteor.java</file>
            <file>file:/C:/Users/Aruna/Documents/NetBeansProjects/RJM_1/src/login.java</file>
        </group>
    </open-files>
</project-private>
